id,Review
1,"This laptop is incredibly fast, I can run multiple applications without any lag."
2,"The screen resolution is stunning, colors are vivid and crisp."
3,"Battery barely lasts 2 hours, very disappointing for a premium laptop."
4,"Keyboard feels cheap and the keys are too mushy for comfortable typing."
5,"Perfect for gaming! Runs AAA titles at max settings without breaking a sweat."
6,"The trackpad is unresponsive and frustrating to use."
7,"Great value for money, does everything I need for work and school."
8,"It overheats constantly and the fan noise is unbearable."
9,"Sleek design and lightweight, easy to carry around all day."
10,"Camera quality is mediocre, not great for video calls."
11,"Setup was super easy, had it running in under 10 minutes."
12,"Customer service was unhelpful when I reported a defective charger."
13,"The speakers are surprisingly loud and clear for a laptop this thin."
14,"Mine arrived with a dead pixel in the center of the screen."
15,"Solid build quality, feels premium and durable."
16,"Software bloatware everywhere, took an hour to clean it up."
17,"Best laptop I've ever owned, hands down."
18,"It crashed three times in the first week. Returning it."
19,"The fingerprint sensor works flawlessly every single time."
20,"Average performance, nothing special but gets the job done."
21,"WiFi connectivity is spotty, keeps dropping randomly."
22,"Upgraded from my old machine and the difference is night and day!"
23,"The hinge feels flimsy, worried it won't last a year."
24,"Runs completely silent during normal use. Love it."
25,"Not worth the price tag. You can get better specs for less."
